cycle, line, pc, inst, gpio_8, gpio_9, gpio_10, gpio_12, gpio_16, gpio_17, irq, x, y, isr_bitctr, isr, osr_bitctr, osr, txfifo_num, txfifo[0], txfifo[1], txfifo[2], txfifo[3], rxfifo_num, rxfifo[0], rxfifo[1], rxfifo[2], rxfifo[3]
1, 2, 0x00, "wait 0 pin 0x00 side 0x01", 1, 0, 0, 0, 0, 0, 0x00, 0x00000000, 0x00000000, 0, 0x00000000, 32, 0x00000000, 0, 0x00000000, 0x00000000, 0x00000000, 0x00000000, 0, 0x00000000, 0x00000000, 0x00000000, 0x00000000
2, 3, 0x01, "wait 1 pin 0x00 side 0x02", 0, 1, 0, 0, 0, 0, 0x00, 0x00000000, 0x00000000, 0, 0x00000000, 32, 0x00000000, 0, 0x00000000, 0x00000000, 0x00000000, 0x00000000, 0, 0x00000000, 0x00000000, 0x00000000, 0x00000000
3, 3, 0x01, "wait 1 pin 0x00 side 0x02", 0, 1, 0, 0, 0, 0, 0x00, 0x00000000, 0x00000000, 0, 0x00000000, 32, 0x00000000, 0, 0x00000000, 0x00000000, 0x00000000, 0x00000000, 0, 0x00000000, 0x00000000, 0x00000000, 0x00000000
4, 3, 0x01, "wait 1 pin 0x00 side 0x02", 0, 1, 0, 0, 0, 0, 0x00, 0x00000000, 0x00000000, 0, 0x00000000, 32, 0x00000000, 0, 0x00000000, 0x00000000, 0x00000000, 0x00000000, 0, 0x00000000, 0x00000000, 0x00000000, 0x00000000
5, 3, 0x01, "wait 1 pin 0x00 side 0x02", 0, 1, 0, 0, 0, 0, 0x00, 0x00000000, 0x00000000, 0, 0x00000000, 32, 0x00000000, 0, 0x00000000, 0x00000000, 0x00000000, 0x00000000, 0, 0x00000000, 0x00000000, 0x00000000, 0x00000000
6, 3, 0x01, "wait 1 pin 0x00 side 0x02", 0, 1, 0, 0, 0, 0, 0x00, 0x00000000, 0x00000000, 0, 0x00000000, 32, 0x00000000, 0, 0x00000000, 0x00000000, 0x00000000, 0x00000000, 0, 0x00000000, 0x00000000, 0x00000000, 0x00000000
7, 3, 0x01, "wait 1 pin 0x00 side 0x02", 0, 1, 0, 0, 0, 0, 0x00, 0x00000000, 0x00000000, 0, 0x00000000, 32, 0x00000000, 0, 0x00000000, 0x00000000, 0x00000000, 0x00000000, 0, 0x00000000, 0x00000000, 0x00000000, 0x00000000
8, 3, 0x01, "wait 1 pin 0x00 side 0x02", 0, 1, 0, 0, 0, 0, 0x00, 0x00000000, 0x00000000, 0, 0x00000000, 32, 0x00000000, 0, 0x00000000, 0x00000000, 0x00000000, 0x00000000, 0, 0x00000000, 0x00000000, 0x00000000, 0x00000000
9, 3, 0x01, "wait 1 pin 0x00 side 0x02", 0, 1, 0, 0, 0, 0, 0x00, 0x00000000, 0x00000000, 0, 0x00000000, 32, 0x00000000, 0, 0x00000000, 0x00000000, 0x00000000, 0x00000000, 0, 0x00000000, 0x00000000, 0x00000000, 0x00000000
10, 3, 0x01, "wait 1 pin 0x00 side 0x02", 0, 1, 0, 0, 0, 0, 0x00, 0x00000000, 0x00000000, 0, 0x00000000, 32, 0x00000000, 1, 0x00008001, 0x00000000, 0x00000000, 0x00000000, 0, 0x00000000, 0x00000000, 0x00000000, 0x00000000
11, 3, 0x01, "wait 1 pin 0x00 side 0x02", 0, 1, 0, 0, 0, 0, 0x00, 0x00000000, 0x00000000, 0, 0x00000000, 32, 0x00000000, 1, 0x00008001, 0x00000000, 0x00000000, 0x00000000, 0, 0x00000000, 0x00000000, 0x00000000, 0x00000000
12, 3, 0x01, "wait 1 pin 0x00 side 0x02", 0, 1, 0, 0, 0, 0, 0x00, 0x00000000, 0x00000000, 0, 0x00000000, 32, 0x00000000, 2, 0x00008001, 0x00008002, 0x00000000, 0x00000000, 0, 0x00000000, 0x00000000, 0x00000000, 0x00000000
13, 3, 0x01, "wait 1 pin 0x00 side 0x02", 0, 1, 0, 0, 0, 0, 0x00, 0x00000000, 0x00000000, 0, 0x00000000, 32, 0x00000000, 2, 0x00008001, 0x00008002, 0x00000000, 0x00000000, 0, 0x00000000, 0x00000000, 0x00000000, 0x00000000
14, 3, 0x01, "wait 1 pin 0x00 side 0x02", 0, 1, 0, 0, 0, 0, 0x00, 0x00000000, 0x00000000, 0, 0x00000000, 32, 0x00000000, 3, 0x00008001, 0x00008002, 0x00008003, 0x00000000, 0, 0x00000000, 0x00000000, 0x00000000, 0x00000000
15, 3, 0x01, "wait 1 pin 0x00 side 0x02", 0, 1, 0, 0, 0, 0, 0x00, 0x00000000, 0x00000000, 0, 0x00000000, 32, 0x00000000, 3, 0x00008001, 0x00008002, 0x00008003, 0x00000000, 0, 0x00000000, 0x00000000, 0x00000000, 0x00000000
16, 3, 0x01, "wait 1 pin 0x00 side 0x02", 0, 1, 0, 0, 0, 0, 0x00, 0x00000000, 0x00000000, 0, 0x00000000, 32, 0x00000000, 4, 0x00008001, 0x00008002, 0x00008003, 0x00008004, 0, 0x00000000, 0x00000000, 0x00000000, 0x00000000
17, 3, 0x01, "wait 1 pin 0x00 side 0x02", 0, 1, 0, 0, 0, 0, 0x00, 0x00000000, 0x00000000, 0, 0x00000000, 32, 0x00000000, 4, 0x00008001, 0x00008002, 0x00008003, 0x00008004, 0, 0x00000000, 0x00000000, 0x00000000, 0x00000000
18, 3, 0x01, "wait 1 pin 0x00 side 0x02", 0, 1, 0, 0, 0, 0, 0x00, 0x00000000, 0x00000000, 0, 0x00000000, 32, 0x00000000, 4, 0x00008001, 0x00008002, 0x00008003, 0x00008004, 0, 0x00000000, 0x00000000, 0x00000000, 0x00000000
19, 3, 0x01, "wait 1 pin 0x00 side 0x02", 0, 1, 0, 0, 0, 0, 0x00, 0x00000000, 0x00000000, 0, 0x00000000, 32, 0x00000000, 4, 0x00008001, 0x00008002, 0x00008003, 0x00008004, 0, 0x00000000, 0x00000000, 0x00000000, 0x00000000
20, 3, 0x01, "wait 1 pin 0x00 side 0x02", 0, 1, 0, 0, 1, 0, 0x00, 0x00000000, 0x00000000, 0, 0x00000000, 32, 0x00000000, 4, 0x00008001, 0x00008002, 0x00008003, 0x00008004, 0, 0x00000000, 0x00000000, 0x00000000, 0x00000000
21, 4, 0x02, "set y 0x04 side 0x00", 0, 0, 0, 0, 1, 0, 0x00, 0x00000000, 0x00000004, 0, 0x00000000, 32, 0x00000000, 4, 0x00008001, 0x00008002, 0x00008003, 0x00008004, 0, 0x00000000, 0x00000000, 0x00000000, 0x00000000
22, 6, 0x03, "pull block side 0x03", 1, 1, 0, 0, 1, 0, 0x00, 0x00000000, 0x00000004, 0, 0x00000000, 0, 0x00008001, 3, 0x00008002, 0x00008003, 0x00008004, 0x00000000, 0, 0x00000000, 0x00000000, 0x00000000, 0x00000000
23, 7, 0x04, "mov x !osr side 0x04 [1]", 0, 0, 1, 0, 1, 0, 0x00, 0xffff7ffe, 0x00000004, 0, 0x00000000, 0, 0x00008001, 3, 0x00008002, 0x00008003, 0x00008004, 0x00000000, 0, 0x00000000, 0x00000000, 0x00000000, 0x00000000
24, 8, 0x05, "delay", 0, 0, 1, 0, 1, 0, 0x00, 0xffff7ffe, 0x00000004, 0, 0x00000000, 0, 0x00008001, 3, 0x00008002, 0x00008003, 0x00008004, 0x00000000, 0, 0x00000000, 0x00000000, 0x00000000, 0x00000000
25, 8, 0x05, "out pins 0x01 side 0x00", 0, 0, 0, 1, 1, 0, 0x00, 0xffff7ffe, 0x00000004, 0, 0x00000000, 1, 0x00004000, 3, 0x00008002, 0x00008003, 0x00008004, 0x00000000, 0, 0x00000000, 0x00000000, 0x00000000, 0x00000000
26, 9, 0x06, "in x 0x20", 0, 0, 0, 1, 1, 0, 0x00, 0xffff7ffe, 0x00000004, 32, 0xffff7ffe, 1, 0x00004000, 3, 0x00008002, 0x00008003, 0x00008004, 0x00000000, 0, 0x00000000, 0x00000000, 0x00000000, 0x00000000
27, 10, 0x07, "push block side 0x05", 1, 0, 1, 1, 1, 0, 0x00, 0xffff7ffe, 0x00000004, 0, 0x00000000, 1, 0x00004000, 3, 0x00008002, 0x00008003, 0x00008004, 0x00000000, 1, 0xffff7ffe, 0x00000000, 0x00000000, 0x00000000
28, 11, 0x08, "jmp y-- loop_top side 0x00", 0, 0, 0, 1, 1, 0, 0x00, 0xffff7ffe, 0x00000003, 0, 0x00000000, 1, 0x00004000, 3, 0x00008002, 0x00008003, 0x00008004, 0x00000000, 1, 0xffff7ffe, 0x00000000, 0x00000000, 0x00000000
29, 6, 0x03, "pull block side 0x03", 1, 1, 0, 1, 1, 0, 0x00, 0xffff7ffe, 0x00000003, 0, 0x00000000, 0, 0x00008002, 2, 0x00008003, 0x00008004, 0x00000000, 0x00000000, 1, 0xffff7ffe, 0x00000000, 0x00000000, 0x00000000
30, 7, 0x04, "mov x !osr side 0x04 [1]", 0, 0, 1, 1, 1, 0, 0x00, 0xffff7ffd, 0x00000003, 0, 0x00000000, 0, 0x00008002, 2, 0x00008003, 0x00008004, 0x00000000, 0x00000000, 1, 0xffff7ffe, 0x00000000, 0x00000000, 0x00000000
31, 8, 0x05, "delay", 0, 0, 1, 1, 1, 0, 0x00, 0xffff7ffd, 0x00000003, 0, 0x00000000, 0, 0x00008002, 2, 0x00008003, 0x00008004, 0x00000000, 0x00000000, 1, 0xffff7ffe, 0x00000000, 0x00000000, 0x00000000
32, 8, 0x05, "out pins 0x01 side 0x00", 0, 0, 0, 0, 1, 0, 0x00, 0xffff7ffd, 0x00000003, 0, 0x00000000, 1, 0x00004001, 2, 0x00008003, 0x00008004, 0x00000000, 0x00000000, 1, 0xffff7ffe, 0x00000000, 0x00000000, 0x00000000
33, 9, 0x06, "in x 0x20", 0, 0, 0, 0, 1, 0, 0x00, 0xffff7ffd, 0x00000003, 32, 0xffff7ffd, 1, 0x00004001, 2, 0x00008003, 0x00008004, 0x00000000, 0x00000000, 1, 0xffff7ffe, 0x00000000, 0x00000000, 0x00000000
34, 10, 0x07, "push block side 0x05", 1, 0, 1, 0, 1, 0, 0x00, 0xffff7ffd, 0x00000003, 0, 0x00000000, 1, 0x00004001, 2, 0x00008003, 0x00008004, 0x00000000, 0x00000000, 2, 0xffff7ffe, 0xffff7ffd, 0x00000000, 0x00000000
35, 11, 0x08, "jmp y-- loop_top side 0x00", 0, 0, 0, 0, 1, 0, 0x00, 0xffff7ffd, 0x00000002, 0, 0x00000000, 1, 0x00004001, 2, 0x00008003, 0x00008004, 0x00000000, 0x00000000, 2, 0xffff7ffe, 0xffff7ffd, 0x00000000, 0x00000000
36, 6, 0x03, "pull block side 0x03", 1, 1, 0, 0, 1, 0, 0x00, 0xffff7ffd, 0x00000002, 0, 0x00000000, 0, 0x00008003, 1, 0x00008004, 0x00000000, 0x00000000, 0x00000000, 2, 0xffff7ffe, 0xffff7ffd, 0x00000000, 0x00000000
37, 7, 0x04, "mov x !osr side 0x04 [1]", 0, 0, 1, 0, 1, 0, 0x00, 0xffff7ffc, 0x00000002, 0, 0x00000000, 0, 0x00008003, 1, 0x00008004, 0x00000000, 0x00000000, 0x00000000, 2, 0xffff7ffe, 0xffff7ffd, 0x00000000, 0x00000000
38, 8, 0x05, "delay", 0, 0, 1, 0, 1, 0, 0x00, 0xffff7ffc, 0x00000002, 0, 0x00000000, 0, 0x00008003, 1, 0x00008004, 0x00000000, 0x00000000, 0x00000000, 2, 0xffff7ffe, 0xffff7ffd, 0x00000000, 0x00000000
39, 8, 0x05, "out pins 0x01 side 0x00", 0, 0, 0, 1, 1, 0, 0x00, 0xffff7ffc, 0x00000002, 0, 0x00000000, 1, 0x00004001, 1, 0x00008004, 0x00000000, 0x00000000, 0x00000000, 2, 0xffff7ffe, 0xffff7ffd, 0x00000000, 0x00000000
40, 9, 0x06, "in x 0x20", 0, 0, 0, 1, 1, 0, 0x00, 0xffff7ffc, 0x00000002, 32, 0xffff7ffc, 1, 0x00004001, 1, 0x00008004, 0x00000000, 0x00000000, 0x00000000, 2, 0xffff7ffe, 0xffff7ffd, 0x00000000, 0x00000000
41, 10, 0x07, "push block side 0x05", 1, 0, 1, 1, 1, 0, 0x00, 0xffff7ffc, 0x00000002, 0, 0x00000000, 1, 0x00004001, 1, 0x00008004, 0x00000000, 0x00000000, 0x00000000, 3, 0xffff7ffe, 0xffff7ffd, 0xffff7ffc, 0x00000000
42, 11, 0x08, "jmp y-- loop_top side 0x00", 0, 0, 0, 1, 1, 0, 0x00, 0xffff7ffc, 0x00000001, 0, 0x00000000, 1, 0x00004001, 1, 0x00008004, 0x00000000, 0x00000000, 0x00000000, 3, 0xffff7ffe, 0xffff7ffd, 0xffff7ffc, 0x00000000
43, 6, 0x03, "pull block side 0x03", 1, 1, 0, 1, 1, 0, 0x00, 0xffff7ffc, 0x00000001, 0, 0x00000000, 0, 0x00008004, 0, 0x00000000, 0x00000000, 0x00000000, 0x00000000, 3, 0xffff7ffe, 0xffff7ffd, 0xffff7ffc, 0x00000000
44, 7, 0x04, "mov x !osr side 0x04 [1]", 0, 0, 1, 1, 1, 0, 0x00, 0xffff7ffb, 0x00000001, 0, 0x00000000, 0, 0x00008004, 0, 0x00000000, 0x00000000, 0x00000000, 0x00000000, 3, 0xffff7ffe, 0xffff7ffd, 0xffff7ffc, 0x00000000
45, 8, 0x05, "delay", 0, 0, 1, 1, 1, 0, 0x00, 0xffff7ffb, 0x00000001, 0, 0x00000000, 0, 0x00008004, 0, 0x00000000, 0x00000000, 0x00000000, 0x00000000, 3, 0xffff7ffe, 0xffff7ffd, 0xffff7ffc, 0x00000000
46, 8, 0x05, "out pins 0x01 side 0x00", 0, 0, 0, 0, 1, 0, 0x00, 0xffff7ffb, 0x00000001, 0, 0x00000000, 1, 0x00004002, 0, 0x00000000, 0x00000000, 0x00000000, 0x00000000, 3, 0xffff7ffe, 0xffff7ffd, 0xffff7ffc, 0x00000000
47, 9, 0x06, "in x 0x20", 0, 0, 0, 0, 1, 0, 0x00, 0xffff7ffb, 0x00000001, 32, 0xffff7ffb, 1, 0x00004002, 0, 0x00000000, 0x00000000, 0x00000000, 0x00000000, 3, 0xffff7ffe, 0xffff7ffd, 0xffff7ffc, 0x00000000
48, 10, 0x07, "push block side 0x05", 1, 0, 1, 0, 1, 0, 0x00, 0xffff7ffb, 0x00000001, 0, 0x00000000, 1, 0x00004002, 0, 0x00000000, 0x00000000, 0x00000000, 0x00000000, 4, 0xffff7ffe, 0xffff7ffd, 0xffff7ffc, 0xffff7ffb
49, 11, 0x08, "jmp y-- loop_top side 0x00", 0, 0, 0, 0, 1, 0, 0x00, 0xffff7ffb, 0x00000000, 0, 0x00000000, 1, 0x00004002, 0, 0x00000000, 0x00000000, 0x00000000, 0x00000000, 4, 0xffff7ffe, 0xffff7ffd, 0xffff7ffc, 0xffff7ffb
50, 6, 0x03, "pull block side 0x03", 1, 1, 0, 0, 1, 0, 0x00, 0xffff7ffb, 0x00000000, 0, 0x00000000, 0, 0x00008005, 0, 0x00000000, 0x00000000, 0x00000000, 0x00000000, 4, 0xffff7ffe, 0xffff7ffd, 0xffff7ffc, 0xffff7ffb
51, 7, 0x04, "mov x !osr side 0x04 [1]", 0, 0, 1, 0, 1, 0, 0x00, 0xffff7ffa, 0x00000000, 0, 0x00000000, 0, 0x00008005, 0, 0x00000000, 0x00000000, 0x00000000, 0x00000000, 4, 0xffff7ffe, 0xffff7ffd, 0xffff7ffc, 0xffff7ffb
52, 8, 0x05, "delay", 0, 0, 1, 0, 1, 0, 0x00, 0xffff7ffa, 0x00000000, 0, 0x00000000, 0, 0x00008005, 0, 0x00000000, 0x00000000, 0x00000000, 0x00000000, 4, 0xffff7ffe, 0xffff7ffd, 0xffff7ffc, 0xffff7ffb
53, 8, 0x05, "out pins 0x01 side 0x00", 0, 0, 0, 1, 1, 0, 0x00, 0xffff7ffa, 0x00000000, 0, 0x00000000, 1, 0x00004002, 0, 0x00000000, 0x00000000, 0x00000000, 0x00000000, 4, 0xffff7ffe, 0xffff7ffd, 0xffff7ffc, 0xffff7ffb
54, 9, 0x06, "in x 0x20", 0, 0, 0, 1, 1, 0, 0x00, 0xffff7ffa, 0x00000000, 32, 0xffff7ffa, 1, 0x00004002, 0, 0x00000000, 0x00000000, 0x00000000, 0x00000000, 4, 0xffff7ffe, 0xffff7ffd, 0xffff7ffc, 0xffff7ffb
55, 10, 0x07, "push block side 0x05", 1, 0, 1, 1, 1, 0, 0x00, 0xffff7ffa, 0x00000000, 32, 0xffff7ffa, 1, 0x00004002, 0, 0x00000000, 0x00000000, 0x00000000, 0x00000000, 4, 0xffff7ffe, 0xffff7ffd, 0xffff7ffc, 0xffff7ffb
56, 10, 0x07, "push block side 0x05", 1, 0, 1, 1, 1, 0, 0x00, 0xffff7ffa, 0x00000000, 32, 0xffff7ffa, 1, 0x00004002, 0, 0x00000000, 0x00000000, 0x00000000, 0x00000000, 4, 0xffff7ffe, 0xffff7ffd, 0xffff7ffc, 0xffff7ffb
57, 10, 0x07, "push block side 0x05", 1, 0, 1, 1, 1, 0, 0x00, 0xffff7ffa, 0x00000000, 32, 0xffff7ffa, 1, 0x00004002, 0, 0x00000000, 0x00000000, 0x00000000, 0x00000000, 4, 0xffff7ffe, 0xffff7ffd, 0xffff7ffc, 0xffff7ffb
58, 10, 0x07, "push block side 0x05", 1, 0, 1, 1, 1, 0, 0x00, 0xffff7ffa, 0x00000000, 32, 0xffff7ffa, 1, 0x00004002, 0, 0x00000000, 0x00000000, 0x00000000, 0x00000000, 4, 0xffff7ffe, 0xffff7ffd, 0xffff7ffc, 0xffff7ffb
59, 10, 0x07, "push block side 0x05", 1, 0, 1, 1, 1, 0, 0x00, 0xffff7ffa, 0x00000000, 32, 0xffff7ffa, 1, 0x00004002, 0, 0x00000000, 0x00000000, 0x00000000, 0x00000000, 4, 0xffff7ffe, 0xffff7ffd, 0xffff7ffc, 0xffff7ffb
60, 10, 0x07, "push block side 0x05", 1, 0, 1, 1, 1, 0, 0x00, 0xffff7ffa, 0x00000000, 0, 0x00000000, 1, 0x00004002, 0, 0x00000000, 0x00000000, 0x00000000, 0x00000000, 4, 0xffff7ffd, 0xffff7ffc, 0xffff7ffb, 0xffff7ffa
61, 11, 0x08, "jmp y-- loop_top side 0x00", 0, 0, 0, 1, 1, 0, 0x00, 0xffff7ffa, 0xffffffff, 0, 0x00000000, 1, 0x00004002, 0, 0x00000000, 0x00000000, 0x00000000, 0x00000000, 4, 0xffff7ffd, 0xffff7ffc, 0xffff7ffb, 0xffff7ffa
62, 13, 0x09, "in y 0x20 side 0x00", 0, 0, 0, 1, 1, 0, 0x00, 0xffff7ffa, 0xffffffff, 32, 0xffffffff, 1, 0x00004002, 0, 0x00000000, 0x00000000, 0x00000000, 0x00000000, 3, 0xffff7ffc, 0xffff7ffb, 0xffff7ffa, 0x00000000
63, 14, 0x0a, "push block side 0x00", 0, 0, 0, 1, 1, 0, 0x00, 0xffff7ffa, 0xffffffff, 0, 0x00000000, 1, 0x00004002, 0, 0x00000000, 0x00000000, 0x00000000, 0x00000000, 4, 0xffff7ffc, 0xffff7ffb, 0xffff7ffa, 0xffffffff
64, 15, 0x0b, "irq wait 1 side 0x00", 0, 0, 0, 1, 1, 0, 0x02, 0xffff7ffa, 0xffffffff, 0, 0x00000000, 1, 0x00004002, 0, 0x00000000, 0x00000000, 0x00000000, 0x00000000, 3, 0xffff7ffb, 0xffff7ffa, 0xffffffff, 0x00000000
65, 15, 0x0b, "irq wait 1 side 0x00", 0, 0, 0, 1, 1, 0, 0x02, 0xffff7ffa, 0xffffffff, 0, 0x00000000, 1, 0x00004002, 0, 0x00000000, 0x00000000, 0x00000000, 0x00000000, 3, 0xffff7ffb, 0xffff7ffa, 0xffffffff, 0x00000000
66, 15, 0x0b, "irq wait 1 side 0x00", 0, 0, 0, 1, 1, 0, 0x00, 0xffff7ffa, 0xffffffff, 0, 0x00000000, 1, 0x00004002, 0, 0x00000000, 0x00000000, 0x00000000, 0x00000000, 2, 0xffff7ffa, 0xffffffff, 0x00000000, 0x00000000
67, 16, 0x0c, "wait 0 pin 0x01 side 0x06", 0, 1, 1, 1, 1, 0, 0x00, 0xffff7ffa, 0xffffffff, 0, 0x00000000, 1, 0x00004002, 0, 0x00000000, 0x00000000, 0x00000000, 0x00000000, 2, 0xffff7ffa, 0xffffffff, 0x00000000, 0x00000000
68, 17, 0x0d, "wait 1 pin 0x01 side 0x07", 1, 1, 1, 1, 1, 0, 0x00, 0xffff7ffa, 0xffffffff, 0, 0x00000000, 1, 0x00004002, 0, 0x00000000, 0x00000000, 0x00000000, 0x00000000, 1, 0xffffffff, 0x00000000, 0x00000000, 0x00000000
69, 17, 0x0d, "wait 1 pin 0x01 side 0x07", 1, 1, 1, 1, 1, 0, 0x00, 0xffff7ffa, 0xffffffff, 0, 0x00000000, 1, 0x00004002, 0, 0x00000000, 0x00000000, 0x00000000, 0x00000000, 1, 0xffffffff, 0x00000000, 0x00000000, 0x00000000
70, 17, 0x0d, "wait 1 pin 0x01 side 0x07", 1, 1, 1, 1, 1, 0, 0x00, 0xffff7ffa, 0xffffffff, 0, 0x00000000, 1, 0x00004002, 0, 0x00000000, 0x00000000, 0x00000000, 0x00000000, 1, 0xffffffff, 0x00000000, 0x00000000, 0x00000000
71, 17, 0x0d, "wait 1 pin 0x01 side 0x07", 1, 1, 1, 1, 1, 0, 0x00, 0xffff7ffa, 0xffffffff, 0, 0x00000000, 1, 0x00004002, 0, 0x00000000, 0x00000000, 0x00000000, 0x00000000, 1, 0xffffffff, 0x00000000, 0x00000000, 0x00000000
72, 17, 0x0d, "wait 1 pin 0x01 side 0x07", 1, 1, 1, 1, 1, 0, 0x00, 0xffff7ffa, 0xffffffff, 0, 0x00000000, 1, 0x00004002, 0, 0x00000000, 0x00000000, 0x00000000, 0x00000000, 1, 0xffffffff, 0x00000000, 0x00000000, 0x00000000
73, 17, 0x0d, "wait 1 pin 0x01 side 0x07", 1, 1, 1, 1, 1, 0, 0x00, 0xffff7ffa, 0xffffffff, 0, 0x00000000, 1, 0x00004002, 0, 0x00000000, 0x00000000, 0x00000000, 0x00000000, 1, 0xffffffff, 0x00000000, 0x00000000, 0x00000000
74, 17, 0x0d, "wait 1 pin 0x01 side 0x07", 1, 1, 1, 1, 1, 0, 0x00, 0xffff7ffa, 0xffffffff, 0, 0x00000000, 1, 0x00004002, 0, 0x00000000, 0x00000000, 0x00000000, 0x00000000, 1, 0xffffffff, 0x00000000, 0x00000000, 0x00000000
75, 17, 0x0d, "wait 1 pin 0x01 side 0x07", 1, 1, 1, 1, 1, 0, 0x00, 0xffff7ffa, 0xffffffff, 0, 0x00000000, 1, 0x00004002, 0, 0x00000000, 0x00000000, 0x00000000, 0x00000000, 1, 0xffffffff, 0x00000000, 0x00000000, 0x00000000
76, 17, 0x0d, "wait 1 pin 0x01 side 0x07", 1, 1, 1, 1, 1, 0, 0x00, 0xffff7ffa, 0xffffffff, 0, 0x00000000, 1, 0x00004002, 0, 0x00000000, 0x00000000, 0x00000000, 0x00000000, 1, 0xffffffff, 0x00000000, 0x00000000, 0x00000000
77, 17, 0x0d, "wait 1 pin 0x01 side 0x07", 1, 1, 1, 1, 1, 0, 0x00, 0xffff7ffa, 0xffffffff, 0, 0x00000000, 1, 0x00004002, 0, 0x00000000, 0x00000000, 0x00000000, 0x00000000, 1, 0xffffffff, 0x00000000, 0x00000000, 0x00000000
78, 17, 0x0d, "wait 1 pin 0x01 side 0x07", 1, 1, 1, 1, 1, 0, 0x00, 0xffff7ffa, 0xffffffff, 0, 0x00000000, 1, 0x00004002, 0, 0x00000000, 0x00000000, 0x00000000, 0x00000000, 1, 0xffffffff, 0x00000000, 0x00000000, 0x00000000
79, 17, 0x0d, "wait 1 pin 0x01 side 0x07", 1, 1, 1, 1, 1, 0, 0x00, 0xffff7ffa, 0xffffffff, 0, 0x00000000, 1, 0x00004002, 0, 0x00000000, 0x00000000, 0x00000000, 0x00000000, 1, 0xffffffff, 0x00000000, 0x00000000, 0x00000000
80, 17, 0x0d, "wait 1 pin 0x01 side 0x07", 1, 1, 1, 1, 1, 0, 0x00, 0xffff7ffa, 0xffffffff, 0, 0x00000000, 1, 0x00004002, 0, 0x00000000, 0x00000000, 0x00000000, 0x00000000, 1, 0xffffffff, 0x00000000, 0x00000000, 0x00000000
81, 17, 0x0d, "wait 1 pin 0x01 side 0x07", 1, 1, 1, 1, 1, 0, 0x00, 0xffff7ffa, 0xffffffff, 0, 0x00000000, 1, 0x00004002, 0, 0x00000000, 0x00000000, 0x00000000, 0x00000000, 1, 0xffffffff, 0x00000000, 0x00000000, 0x00000000
82, 17, 0x0d, "wait 1 pin 0x01 side 0x07", 1, 1, 1, 1, 1, 0, 0x00, 0xffff7ffa, 0xffffffff, 0, 0x00000000, 1, 0x00004002, 0, 0x00000000, 0x00000000, 0x00000000, 0x00000000, 1, 0xffffffff, 0x00000000, 0x00000000, 0x00000000
83, 17, 0x0d, "wait 1 pin 0x01 side 0x07", 1, 1, 1, 1, 1, 0, 0x00, 0xffff7ffa, 0xffffffff, 0, 0x00000000, 1, 0x00004002, 0, 0x00000000, 0x00000000, 0x00000000, 0x00000000, 1, 0xffffffff, 0x00000000, 0x00000000, 0x00000000
84, 17, 0x0d, "wait 1 pin 0x01 side 0x07", 1, 1, 1, 1, 1, 0, 0x00, 0xffff7ffa, 0xffffffff, 0, 0x00000000, 1, 0x00004002, 0, 0x00000000, 0x00000000, 0x00000000, 0x00000000, 1, 0xffffffff, 0x00000000, 0x00000000, 0x00000000
85, 17, 0x0d, "wait 1 pin 0x01 side 0x07", 1, 1, 1, 1, 1, 0, 0x00, 0xffff7ffa, 0xffffffff, 0, 0x00000000, 1, 0x00004002, 0, 0x00000000, 0x00000000, 0x00000000, 0x00000000, 1, 0xffffffff, 0x00000000, 0x00000000, 0x00000000
86, 17, 0x0d, "wait 1 pin 0x01 side 0x07", 1, 1, 1, 1, 1, 0, 0x00, 0xffff7ffa, 0xffffffff, 0, 0x00000000, 1, 0x00004002, 0, 0x00000000, 0x00000000, 0x00000000, 0x00000000, 1, 0xffffffff, 0x00000000, 0x00000000, 0x00000000
87, 17, 0x0d, "wait 1 pin 0x01 side 0x07", 1, 1, 1, 1, 1, 0, 0x00, 0xffff7ffa, 0xffffffff, 0, 0x00000000, 1, 0x00004002, 0, 0x00000000, 0x00000000, 0x00000000, 0x00000000, 1, 0xffffffff, 0x00000000, 0x00000000, 0x00000000
88, 17, 0x0d, "wait 1 pin 0x01 side 0x07", 1, 1, 1, 1, 1, 0, 0x00, 0xffff7ffa, 0xffffffff, 0, 0x00000000, 1, 0x00004002, 0, 0x00000000, 0x00000000, 0x00000000, 0x00000000, 1, 0xffffffff, 0x00000000, 0x00000000, 0x00000000
89, 17, 0x0d, "wait 1 pin 0x01 side 0x07", 1, 1, 1, 1, 1, 0, 0x00, 0xffff7ffa, 0xffffffff, 0, 0x00000000, 1, 0x00004002, 0, 0x00000000, 0x00000000, 0x00000000, 0x00000000, 1, 0xffffffff, 0x00000000, 0x00000000, 0x00000000
90, 17, 0x0d, "wait 1 pin 0x01 side 0x07", 1, 1, 1, 1, 0, 0, 0x00, 0xffff7ffa, 0xffffffff, 0, 0x00000000, 1, 0x00004002, 0, 0x00000000, 0x00000000, 0x00000000, 0x00000000, 1, 0xffffffff, 0x00000000, 0x00000000, 0x00000000
91, 17, 0x0d, "wait 1 pin 0x01 side 0x07", 1, 1, 1, 1, 0, 0, 0x00, 0xffff7ffa, 0xffffffff, 0, 0x00000000, 1, 0x00004002, 0, 0x00000000, 0x00000000, 0x00000000, 0x00000000, 1, 0xffffffff, 0x00000000, 0x00000000, 0x00000000
92, 17, 0x0d, "wait 1 pin 0x01 side 0x07", 1, 1, 1, 1, 0, 0, 0x00, 0xffff7ffa, 0xffffffff, 0, 0x00000000, 1, 0x00004002, 0, 0x00000000, 0x00000000, 0x00000000, 0x00000000, 0, 0x00000000, 0x00000000, 0x00000000, 0x00000000
93, 17, 0x0d, "wait 1 pin 0x01 side 0x07", 1, 1, 1, 1, 0, 0, 0x00, 0xffff7ffa, 0xffffffff, 0, 0x00000000, 1, 0x00004002, 0, 0x00000000, 0x00000000, 0x00000000, 0x00000000, 0, 0x00000000, 0x00000000, 0x00000000, 0x00000000
94, 17, 0x0d, "wait 1 pin 0x01 side 0x07", 1, 1, 1, 1, 0, 0, 0x00, 0xffff7ffa, 0xffffffff, 0, 0x00000000, 1, 0x00004002, 0, 0x00000000, 0x00000000, 0x00000000, 0x00000000, 0, 0x00000000, 0x00000000, 0x00000000, 0x00000000
95, 17, 0x0d, "wait 1 pin 0x01 side 0x07", 1, 1, 1, 1, 0, 0, 0x00, 0xffff7ffa, 0xffffffff, 0, 0x00000000, 1, 0x00004002, 0, 0x00000000, 0x00000000, 0x00000000, 0x00000000, 0, 0x00000000, 0x00000000, 0x00000000, 0x00000000
96, 17, 0x0d, "wait 1 pin 0x01 side 0x07", 1, 1, 1, 1, 0, 0, 0x00, 0xffff7ffa, 0xffffffff, 0, 0x00000000, 1, 0x00004002, 0, 0x00000000, 0x00000000, 0x00000000, 0x00000000, 0, 0x00000000, 0x00000000, 0x00000000, 0x00000000
97, 17, 0x0d, "wait 1 pin 0x01 side 0x07", 1, 1, 1, 1, 0, 0, 0x00, 0xffff7ffa, 0xffffffff, 0, 0x00000000, 1, 0x00004002, 0, 0x00000000, 0x00000000, 0x00000000, 0x00000000, 0, 0x00000000, 0x00000000, 0x00000000, 0x00000000
98, 17, 0x0d, "wait 1 pin 0x01 side 0x07", 1, 1, 1, 1, 0, 0, 0x00, 0xffff7ffa, 0xffffffff, 0, 0x00000000, 1, 0x00004002, 0, 0x00000000, 0x00000000, 0x00000000, 0x00000000, 0, 0x00000000, 0x00000000, 0x00000000, 0x00000000
99, 17, 0x0d, "wait 1 pin 0x01 side 0x07", 1, 1, 1, 1, 0, 0, 0x00, 0xffff7ffa, 0xffffffff, 0, 0x00000000, 1, 0x00004002, 0, 0x00000000, 0x00000000, 0x00000000, 0x00000000, 0, 0x00000000, 0x00000000, 0x00000000, 0x00000000
100, 17, 0x0d, "wait 1 pin 0x01 side 0x07", 1, 1, 1, 1, 0, 1, 0x00, 0xffff7ffa, 0xffffffff, 0, 0x00000000, 1, 0x00004002, 0, 0x00000000, 0x00000000, 0x00000000, 0x00000000, 0, 0x00000000, 0x00000000, 0x00000000, 0x00000000
101, 2, 0x00, "wait 0 pin 0x00 side 0x01", 1, 0, 0, 1, 0, 1, 0x00, 0xffff7ffa, 0xffffffff, 0, 0x00000000, 1, 0x00004002, 0, 0x00000000, 0x00000000, 0x00000000, 0x00000000, 0, 0x00000000, 0x00000000, 0x00000000, 0x00000000
102, 3, 0x01, "wait 1 pin 0x00 side 0x02", 0, 1, 0, 1, 0, 0, 0x00, 0xffff7ffa, 0xffffffff, 0, 0x00000000, 1, 0x00004002, 0, 0x00000000, 0x00000000, 0x00000000, 0x00000000, 0, 0x00000000, 0x00000000, 0x00000000, 0x00000000
103, 3, 0x01, "wait 1 pin 0x00 side 0x02", 0, 1, 0, 1, 0, 0, 0x00, 0xffff7ffa, 0xffffffff, 0, 0x00000000, 1, 0x00004002, 0, 0x00000000, 0x00000000, 0x00000000, 0x00000000, 0, 0x00000000, 0x00000000, 0x00000000, 0x00000000
104, 3, 0x01, "wait 1 pin 0x00 side 0x02", 0, 1, 0, 1, 0, 0, 0x00, 0xffff7ffa, 0xffffffff, 0, 0x00000000, 1, 0x00004002, 0, 0x00000000, 0x00000000, 0x00000000, 0x00000000, 0, 0x00000000, 0x00000000, 0x00000000, 0x00000000
105, 3, 0x01, "wait 1 pin 0x00 side 0x02", 0, 1, 0, 1, 0, 0, 0x00, 0xffff7ffa, 0xffffffff, 0, 0x00000000, 1, 0x00004002, 0, 0x00000000, 0x00000000, 0x00000000, 0x00000000, 0, 0x00000000, 0x00000000, 0x00000000, 0x00000000
106, 3, 0x01, "wait 1 pin 0x00 side 0x02", 0, 1, 0, 1, 0, 0, 0x00, 0xffff7ffa, 0xffffffff, 0, 0x00000000, 1, 0x00004002, 0, 0x00000000, 0x00000000, 0x00000000, 0x00000000, 0, 0x00000000, 0x00000000, 0x00000000, 0x00000000
107, 3, 0x01, "wait 1 pin 0x00 side 0x02", 0, 1, 0, 1, 0, 0, 0x00, 0xffff7ffa, 0xffffffff, 0, 0x00000000, 1, 0x00004002, 0, 0x00000000, 0x00000000, 0x00000000, 0x00000000, 0, 0x00000000, 0x00000000, 0x00000000, 0x00000000
108, 3, 0x01, "wait 1 pin 0x00 side 0x02", 0, 1, 0, 1, 0, 0, 0x00, 0xffff7ffa, 0xffffffff, 0, 0x00000000, 1, 0x00004002, 0, 0x00000000, 0x00000000, 0x00000000, 0x00000000, 0, 0x00000000, 0x00000000, 0x00000000, 0x00000000
109, 3, 0x01, "wait 1 pin 0x00 side 0x02", 0, 1, 0, 1, 0, 0, 0x00, 0xffff7ffa, 0xffffffff, 0, 0x00000000, 1, 0x00004002, 0, 0x00000000, 0x00000000, 0x00000000, 0x00000000, 0, 0x00000000, 0x00000000, 0x00000000, 0x00000000
110, 3, 0x01, "wait 1 pin 0x00 side 0x02", 0, 1, 0, 1, 0, 0, 0x00, 0xffff7ffa, 0xffffffff, 0, 0x00000000, 1, 0x00004002, 1, 0x00008001, 0x00000000, 0x00000000, 0x00000000, 0, 0x00000000, 0x00000000, 0x00000000, 0x00000000
111, 3, 0x01, "wait 1 pin 0x00 side 0x02", 0, 1, 0, 1, 0, 0, 0x00, 0xffff7ffa, 0xffffffff, 0, 0x00000000, 1, 0x00004002, 1, 0x00008001, 0x00000000, 0x00000000, 0x00000000, 0, 0x00000000, 0x00000000, 0x00000000, 0x00000000
112, 3, 0x01, "wait 1 pin 0x00 side 0x02", 0, 1, 0, 1, 0, 0, 0x00, 0xffff7ffa, 0xffffffff, 0, 0x00000000, 1, 0x00004002, 2, 0x00008001, 0x00008002, 0x00000000, 0x00000000, 0, 0x00000000, 0x00000000, 0x00000000, 0x00000000
113, 3, 0x01, "wait 1 pin 0x00 side 0x02", 0, 1, 0, 1, 0, 0, 0x00, 0xffff7ffa, 0xffffffff, 0, 0x00000000, 1, 0x00004002, 2, 0x00008001, 0x00008002, 0x00000000, 0x00000000, 0, 0x00000000, 0x00000000, 0x00000000, 0x00000000
114, 3, 0x01, "wait 1 pin 0x00 side 0x02", 0, 1, 0, 1, 0, 0, 0x00, 0xffff7ffa, 0xffffffff, 0, 0x00000000, 1, 0x00004002, 3, 0x00008001, 0x00008002, 0x00008003, 0x00000000, 0, 0x00000000, 0x00000000, 0x00000000, 0x00000000
115, 3, 0x01, "wait 1 pin 0x00 side 0x02", 0, 1, 0, 1, 0, 0, 0x00, 0xffff7ffa, 0xffffffff, 0, 0x00000000, 1, 0x00004002, 3, 0x00008001, 0x00008002, 0x00008003, 0x00000000, 0, 0x00000000, 0x00000000, 0x00000000, 0x00000000
116, 3, 0x01, "wait 1 pin 0x00 side 0x02", 0, 1, 0, 1, 0, 0, 0x00, 0xffff7ffa, 0xffffffff, 0, 0x00000000, 1, 0x00004002, 4, 0x00008001, 0x00008002, 0x00008003, 0x00008004, 0, 0x00000000, 0x00000000, 0x00000000, 0x00000000
117, 3, 0x01, "wait 1 pin 0x00 side 0x02", 0, 1, 0, 1, 0, 0, 0x00, 0xffff7ffa, 0xffffffff, 0, 0x00000000, 1, 0x00004002, 4, 0x00008001, 0x00008002, 0x00008003, 0x00008004, 0, 0x00000000, 0x00000000, 0x00000000, 0x00000000
118, 3, 0x01, "wait 1 pin 0x00 side 0x02", 0, 1, 0, 1, 0, 0, 0x00, 0xffff7ffa, 0xffffffff, 0, 0x00000000, 1, 0x00004002, 4, 0x00008001, 0x00008002, 0x00008003, 0x00008004, 0, 0x00000000, 0x00000000, 0x00000000, 0x00000000
119, 3, 0x01, "wait 1 pin 0x00 side 0x02", 0, 1, 0, 1, 0, 0, 0x00, 0xffff7ffa, 0xffffffff, 0, 0x00000000, 1, 0x00004002, 4, 0x00008001, 0x00008002, 0x00008003, 0x00008004, 0, 0x00000000, 0x00000000, 0x00000000, 0x00000000
120, 3, 0x01, "wait 1 pin 0x00 side 0x02", 0, 1, 0, 1, 1, 0, 0x00, 0xffff7ffa, 0xffffffff, 0, 0x00000000, 1, 0x00004002, 4, 0x00008001, 0x00008002, 0x00008003, 0x00008004, 0, 0x00000000, 0x00000000, 0x00000000, 0x00000000
121, 4, 0x02, "set y 0x04 side 0x00", 0, 0, 0, 1, 1, 0, 0x00, 0xffff7ffa, 0x00000004, 0, 0x00000000, 1, 0x00004002, 4, 0x00008001, 0x00008002, 0x00008003, 0x00008004, 0, 0x00000000, 0x00000000, 0x00000000, 0x00000000
122, 6, 0x03, "pull block side 0x03", 1, 1, 0, 1, 1, 0, 0x00, 0xffff7ffa, 0x00000004, 0, 0x00000000, 0, 0x00008001, 3, 0x00008002, 0x00008003, 0x00008004, 0x00000000, 0, 0x00000000, 0x00000000, 0x00000000, 0x00000000
123, 7, 0x04, "mov x !osr side 0x04 [1]", 0, 0, 1, 1, 1, 0, 0x00, 0xffff7ffe, 0x00000004, 0, 0x00000000, 0, 0x00008001, 3, 0x00008002, 0x00008003, 0x00008004, 0x00000000, 0, 0x00000000, 0x00000000, 0x00000000, 0x00000000
124, 8, 0x05, "delay", 0, 0, 1, 1, 1, 0, 0x00, 0xffff7ffe, 0x00000004, 0, 0x00000000, 0, 0x00008001, 3, 0x00008002, 0x00008003, 0x00008004, 0x00000000, 0, 0x00000000, 0x00000000, 0x00000000, 0x00000000
125, 8, 0x05, "out pins 0x01 side 0x00", 0, 0, 0, 1, 1, 0, 0x00, 0xffff7ffe, 0x00000004, 0, 0x00000000, 1, 0x00004000, 3, 0x00008002, 0x00008003, 0x00008004, 0x00000000, 0, 0x00000000, 0x00000000, 0x00000000, 0x00000000
126, 9, 0x06, "in x 0x20", 0, 0, 0, 1, 1, 0, 0x00, 0xffff7ffe, 0x00000004, 32, 0xffff7ffe, 1, 0x00004000, 3, 0x00008002, 0x00008003, 0x00008004, 0x00000000, 0, 0x00000000, 0x00000000, 0x00000000, 0x00000000
127, 10, 0x07, "push block side 0x05", 1, 0, 1, 1, 1, 0, 0x00, 0xffff7ffe, 0x00000004, 0, 0x00000000, 1, 0x00004000, 3, 0x00008002, 0x00008003, 0x00008004, 0x00000000, 1, 0xffff7ffe, 0x00000000, 0x00000000, 0x00000000
128, 11, 0x08, "jmp y-- loop_top side 0x00", 0, 0, 0, 1, 1, 0, 0x00, 0xffff7ffe, 0x00000003, 0, 0x00000000, 1, 0x00004000, 3, 0x00008002, 0x00008003, 0x00008004, 0x00000000, 1, 0xffff7ffe, 0x00000000, 0x00000000, 0x00000000
129, 6, 0x03, "pull block side 0x03", 1, 1, 0, 1, 1, 0, 0x00, 0xffff7ffe, 0x00000003, 0, 0x00000000, 0, 0x00008002, 2, 0x00008003, 0x00008004, 0x00000000, 0x00000000, 1, 0xffff7ffe, 0x00000000, 0x00000000, 0x00000000
130, 7, 0x04, "mov x !osr side 0x04 [1]", 0, 0, 1, 1, 1, 0, 0x00, 0xffff7ffd, 0x00000003, 0, 0x00000000, 0, 0x00008002, 3, 0x00008003, 0x00008004, 0x00008005, 0x00000000, 1, 0xffff7ffe, 0x00000000, 0x00000000, 0x00000000
131, 8, 0x05, "delay", 0, 0, 1, 1, 1, 0, 0x00, 0xffff7ffd, 0x00000003, 0, 0x00000000, 0, 0x00008002, 3, 0x00008003, 0x00008004, 0x00008005, 0x00000000, 1, 0xffff7ffe, 0x00000000, 0x00000000, 0x00000000
132, 8, 0x05, "out pins 0x01 side 0x00", 0, 0, 0, 0, 1, 0, 0x00, 0xffff7ffd, 0x00000003, 0, 0x00000000, 1, 0x00004001, 3, 0x00008003, 0x00008004, 0x00008005, 0x00000000, 1, 0xffff7ffe, 0x00000000, 0x00000000, 0x00000000
133, 9, 0x06, "in x 0x20", 0, 0, 0, 0, 1, 0, 0x00, 0xffff7ffd, 0x00000003, 32, 0xffff7ffd, 1, 0x00004001, 3, 0x00008003, 0x00008004, 0x00008005, 0x00000000, 1, 0xffff7ffe, 0x00000000, 0x00000000, 0x00000000
134, 10, 0x07, "push block side 0x05", 1, 0, 1, 0, 1, 0, 0x00, 0xffff7ffd, 0x00000003, 0, 0x00000000, 1, 0x00004001, 3, 0x00008003, 0x00008004, 0x00008005, 0x00000000, 2, 0xffff7ffe, 0xffff7ffd, 0x00000000, 0x00000000
135, 11, 0x08, "jmp y-- loop_top side 0x00", 0, 0, 0, 0, 1, 0, 0x00, 0xffff7ffd, 0x00000002, 0, 0x00000000, 1, 0x00004001, 3, 0x00008003, 0x00008004, 0x00008005, 0x00000000, 2, 0xffff7ffe, 0xffff7ffd, 0x00000000, 0x00000000
136, 6, 0x03, "pull block side 0x03", 1, 1, 0, 0, 1, 0, 0x00, 0xffff7ffd, 0x00000002, 0, 0x00000000, 0, 0x00008003, 2, 0x00008004, 0x00008005, 0x00000000, 0x00000000, 2, 0xffff7ffe, 0xffff7ffd, 0x00000000, 0x00000000
137, 7, 0x04, "mov x !osr side 0x04 [1]", 0, 0, 1, 0, 1, 0, 0x00, 0xffff7ffc, 0x00000002, 0, 0x00000000, 0, 0x00008003, 2, 0x00008004, 0x00008005, 0x00000000, 0x00000000, 2, 0xffff7ffe, 0xffff7ffd, 0x00000000, 0x00000000
138, 8, 0x05, "delay", 0, 0, 1, 0, 1, 0, 0x00, 0xffff7ffc, 0x00000002, 0, 0x00000000, 0, 0x00008003, 2, 0x00008004, 0x00008005, 0x00000000, 0x00000000, 2, 0xffff7ffe, 0xffff7ffd, 0x00000000, 0x00000000
139, 8, 0x05, "out pins 0x01 side 0x00", 0, 0, 0, 1, 1, 0, 0x00, 0xffff7ffc, 0x00000002, 0, 0x00000000, 1, 0x00004001, 2, 0x00008004, 0x00008005, 0x00000000, 0x00000000, 2, 0xffff7ffe, 0xffff7ffd, 0x00000000, 0x00000000
140, 9, 0x06, "in x 0x20", 0, 0, 0, 1, 1, 0, 0x00, 0xffff7ffc, 0x00000002, 32, 0xffff7ffc, 1, 0x00004001, 2, 0x00008004, 0x00008005, 0x00000000, 0x00000000, 1, 0xffff7ffd, 0x00000000, 0x00000000, 0x00000000
141, 10, 0x07, "push block side 0x05", 1, 0, 1, 1, 1, 0, 0x00, 0xffff7ffc, 0x00000002, 0, 0x00000000, 1, 0x00004001, 2, 0x00008004, 0x00008005, 0x00000000, 0x00000000, 2, 0xffff7ffd, 0xffff7ffc, 0x00000000, 0x00000000
142, 11, 0x08, "jmp y-- loop_top side 0x00", 0, 0, 0, 1, 1, 0, 0x00, 0xffff7ffc, 0x00000001, 0, 0x00000000, 1, 0x00004001, 2, 0x00008004, 0x00008005, 0x00000000, 0x00000000, 1, 0xffff7ffc, 0x00000000, 0x00000000, 0x00000000
143, 6, 0x03, "pull block side 0x03", 1, 1, 0, 1, 1, 0, 0x00, 0xffff7ffc, 0x00000001, 0, 0x00000000, 0, 0x00008004, 1, 0x00008005, 0x00000000, 0x00000000, 0x00000000, 1, 0xffff7ffc, 0x00000000, 0x00000000, 0x00000000
144, 7, 0x04, "mov x !osr side 0x04 [1]", 0, 0, 1, 1, 1, 0, 0x00, 0xffff7ffb, 0x00000001, 0, 0x00000000, 0, 0x00008004, 1, 0x00008005, 0x00000000, 0x00000000, 0x00000000, 0, 0x00000000, 0x00000000, 0x00000000, 0x00000000
145, 8, 0x05, "delay", 0, 0, 1, 1, 1, 0, 0x00, 0xffff7ffb, 0x00000001, 0, 0x00000000, 0, 0x00008004, 1, 0x00008005, 0x00000000, 0x00000000, 0x00000000, 0, 0x00000000, 0x00000000, 0x00000000, 0x00000000
146, 8, 0x05, "out pins 0x01 side 0x00", 0, 0, 0, 0, 1, 0, 0x00, 0xffff7ffb, 0x00000001, 0, 0x00000000, 1, 0x00004002, 1, 0x00008005, 0x00000000, 0x00000000, 0x00000000, 0, 0x00000000, 0x00000000, 0x00000000, 0x00000000
147, 9, 0x06, "in x 0x20", 0, 0, 0, 0, 1, 0, 0x00, 0xffff7ffb, 0x00000001, 32, 0xffff7ffb, 1, 0x00004002, 1, 0x00008005, 0x00000000, 0x00000000, 0x00000000, 0, 0x00000000, 0x00000000, 0x00000000, 0x00000000
148, 10, 0x07, "push block side 0x05", 1, 0, 1, 0, 1, 0, 0x00, 0xffff7ffb, 0x00000001, 0, 0x00000000, 1, 0x00004002, 1, 0x00008005, 0x00000000, 0x00000000, 0x00000000, 1, 0xffff7ffb, 0x00000000, 0x00000000, 0x00000000
149, 11, 0x08, "jmp y-- loop_top side 0x00", 0, 0, 0, 0, 1, 0, 0x00, 0xffff7ffb, 0x00000000, 0, 0x00000000, 1, 0x00004002, 1, 0x00008005, 0x00000000, 0x00000000, 0x00000000, 1, 0xffff7ffb, 0x00000000, 0x00000000, 0x00000000
150, 6, 0x03, "pull block side 0x03", 1, 1, 0, 0, 1, 0, 0x00, 0xffff7ffb, 0x00000000, 0, 0x00000000, 0, 0x00008005, 0, 0x00000000, 0x00000000, 0x00000000, 0x00000000, 1, 0xffff7ffb, 0x00000000, 0x00000000, 0x00000000
151, 7, 0x04, "mov x !osr side 0x04 [1]", 0, 0, 1, 0, 1, 0, 0x00, 0xffff7ffa, 0x00000000, 0, 0x00000000, 0, 0x00008005, 0, 0x00000000, 0x00000000, 0x00000000, 0x00000000, 1, 0xffff7ffb, 0x00000000, 0x00000000, 0x00000000
152, 8, 0x05, "delay", 0, 0, 1, 0, 1, 0, 0x00, 0xffff7ffa, 0x00000000, 0, 0x00000000, 0, 0x00008005, 0, 0x00000000, 0x00000000, 0x00000000, 0x00000000, 1, 0xffff7ffb, 0x00000000, 0x00000000, 0x00000000
153, 8, 0x05, "out pins 0x01 side 0x00", 0, 0, 0, 1, 1, 0, 0x00, 0xffff7ffa, 0x00000000, 0, 0x00000000, 1, 0x00004002, 0, 0x00000000, 0x00000000, 0x00000000, 0x00000000, 1, 0xffff7ffb, 0x00000000, 0x00000000, 0x00000000
154, 9, 0x06, "in x 0x20", 0, 0, 0, 1, 1, 0, 0x00, 0xffff7ffa, 0x00000000, 32, 0xffff7ffa, 1, 0x00004002, 0, 0x00000000, 0x00000000, 0x00000000, 0x00000000, 1, 0xffff7ffb, 0x00000000, 0x00000000, 0x00000000
155, 10, 0x07, "push block side 0x05", 1, 0, 1, 1, 1, 0, 0x00, 0xffff7ffa, 0x00000000, 0, 0x00000000, 1, 0x00004002, 0, 0x00000000, 0x00000000, 0x00000000, 0x00000000, 2, 0xffff7ffb, 0xffff7ffa, 0x00000000, 0x00000000
156, 11, 0x08, "jmp y-- loop_top side 0x00", 0, 0, 0, 1, 1, 0, 0x00, 0xffff7ffa, 0xffffffff, 0, 0x00000000, 1, 0x00004002, 0, 0x00000000, 0x00000000, 0x00000000, 0x00000000, 2, 0xffff7ffb, 0xffff7ffa, 0x00000000, 0x00000000
157, 13, 0x09, "in y 0x20 side 0x00", 0, 0, 0, 1, 1, 0, 0x00, 0xffff7ffa, 0xffffffff, 32, 0xffffffff, 1, 0x00004002, 0, 0x00000000, 0x00000000, 0x00000000, 0x00000000, 2, 0xffff7ffb, 0xffff7ffa, 0x00000000, 0x00000000
158, 14, 0x0a, "push block side 0x00", 0, 0, 0, 1, 1, 0, 0x00, 0xffff7ffa, 0xffffffff, 0, 0x00000000, 1, 0x00004002, 0, 0x00000000, 0x00000000, 0x00000000, 0x00000000, 3, 0xffff7ffb, 0xffff7ffa, 0xffffffff, 0x00000000
159, 15, 0x0b, "irq wait 1 side 0x00", 0, 0, 0, 1, 1, 0, 0x02, 0xffff7ffa, 0xffffffff, 0, 0x00000000, 1, 0x00004002, 0, 0x00000000, 0x00000000, 0x00000000, 0x00000000, 3, 0xffff7ffb, 0xffff7ffa, 0xffffffff, 0x00000000
160, 15, 0x0b, "irq wait 1 side 0x00", 0, 0, 0, 1, 1, 0, 0x00, 0xffff7ffa, 0xffffffff, 0, 0x00000000, 1, 0x00004002, 0, 0x00000000, 0x00000000, 0x00000000, 0x00000000, 2, 0xffff7ffa, 0xffffffff, 0x00000000, 0x00000000
161, 16, 0x0c, "wait 0 pin 0x01 side 0x06", 0, 1, 1, 1, 1, 0, 0x00, 0xffff7ffa, 0xffffffff, 0, 0x00000000, 1, 0x00004002, 0, 0x00000000, 0x00000000, 0x00000000, 0x00000000, 2, 0xffff7ffa, 0xffffffff, 0x00000000, 0x00000000
162, 17, 0x0d, "wait 1 pin 0x01 side 0x07", 1, 1, 1, 1, 1, 0, 0x00, 0xffff7ffa, 0xffffffff, 0, 0x00000000, 1, 0x00004002, 0, 0x00000000, 0x00000000, 0x00000000, 0x00000000, 1, 0xffffffff, 0x00000000, 0x00000000, 0x00000000
163, 17, 0x0d, "wait 1 pin 0x01 side 0x07", 1, 1, 1, 1, 1, 0, 0x00, 0xffff7ffa, 0xffffffff, 0, 0x00000000, 1, 0x00004002, 0, 0x00000000, 0x00000000, 0x00000000, 0x00000000, 1, 0xffffffff, 0x00000000, 0x00000000, 0x00000000
164, 17, 0x0d, "wait 1 pin 0x01 side 0x07", 1, 1, 1, 1, 1, 0, 0x00, 0xffff7ffa, 0xffffffff, 0, 0x00000000, 1, 0x00004002, 0, 0x00000000, 0x00000000, 0x00000000, 0x00000000, 1, 0xffffffff, 0x00000000, 0x00000000, 0x00000000
165, 17, 0x0d, "wait 1 pin 0x01 side 0x07", 1, 1, 1, 1, 1, 0, 0x00, 0xffff7ffa, 0xffffffff, 0, 0x00000000, 1, 0x00004002, 0, 0x00000000, 0x00000000, 0x00000000, 0x00000000, 1, 0xffffffff, 0x00000000, 0x00000000, 0x00000000
166, 17, 0x0d, "wait 1 pin 0x01 side 0x07", 1, 1, 1, 1, 1, 0, 0x00, 0xffff7ffa, 0xffffffff, 0, 0x00000000, 1, 0x00004002, 0, 0x00000000, 0x00000000, 0x00000000, 0x00000000, 1, 0xffffffff, 0x00000000, 0x00000000, 0x00000000
167, 17, 0x0d, "wait 1 pin 0x01 side 0x07", 1, 1, 1, 1, 1, 0, 0x00, 0xffff7ffa, 0xffffffff, 0, 0x00000000, 1, 0x00004002, 0, 0x00000000, 0x00000000, 0x00000000, 0x00000000, 1, 0xffffffff, 0x00000000, 0x00000000, 0x00000000
168, 17, 0x0d, "wait 1 pin 0x01 side 0x07", 1, 1, 1, 1, 1, 0, 0x00, 0xffff7ffa, 0xffffffff, 0, 0x00000000, 1, 0x00004002, 0, 0x00000000, 0x00000000, 0x00000000, 0x00000000, 1, 0xffffffff, 0x00000000, 0x00000000, 0x00000000
169, 17, 0x0d, "wait 1 pin 0x01 side 0x07", 1, 1, 1, 1, 1, 0, 0x00, 0xffff7ffa, 0xffffffff, 0, 0x00000000, 1, 0x00004002, 0, 0x00000000, 0x00000000, 0x00000000, 0x00000000, 1, 0xffffffff, 0x00000000, 0x00000000, 0x00000000
170, 17, 0x0d, "wait 1 pin 0x01 side 0x07", 1, 1, 1, 1, 1, 0, 0x00, 0xffff7ffa, 0xffffffff, 0, 0x00000000, 1, 0x00004002, 0, 0x00000000, 0x00000000, 0x00000000, 0x00000000, 1, 0xffffffff, 0x00000000, 0x00000000, 0x00000000
171, 17, 0x0d, "wait 1 pin 0x01 side 0x07", 1, 1, 1, 1, 1, 0, 0x00, 0xffff7ffa, 0xffffffff, 0, 0x00000000, 1, 0x00004002, 0, 0x00000000, 0x00000000, 0x00000000, 0x00000000, 1, 0xffffffff, 0x00000000, 0x00000000, 0x00000000
172, 17, 0x0d, "wait 1 pin 0x01 side 0x07", 1, 1, 1, 1, 1, 0, 0x00, 0xffff7ffa, 0xffffffff, 0, 0x00000000, 1, 0x00004002, 0, 0x00000000, 0x00000000, 0x00000000, 0x00000000, 1, 0xffffffff, 0x00000000, 0x00000000, 0x00000000
173, 17, 0x0d, "wait 1 pin 0x01 side 0x07", 1, 1, 1, 1, 1, 0, 0x00, 0xffff7ffa, 0xffffffff, 0, 0x00000000, 1, 0x00004002, 0, 0x00000000, 0x00000000, 0x00000000, 0x00000000, 1, 0xffffffff, 0x00000000, 0x00000000, 0x00000000
174, 17, 0x0d, "wait 1 pin 0x01 side 0x07", 1, 1, 1, 1, 1, 0, 0x00, 0xffff7ffa, 0xffffffff, 0, 0x00000000, 1, 0x00004002, 0, 0x00000000, 0x00000000, 0x00000000, 0x00000000, 1, 0xffffffff, 0x00000000, 0x00000000, 0x00000000
175, 17, 0x0d, "wait 1 pin 0x01 side 0x07", 1, 1, 1, 1, 1, 0, 0x00, 0xffff7ffa, 0xffffffff, 0, 0x00000000, 1, 0x00004002, 0, 0x00000000, 0x00000000, 0x00000000, 0x00000000, 1, 0xffffffff, 0x00000000, 0x00000000, 0x00000000
176, 17, 0x0d, "wait 1 pin 0x01 side 0x07", 1, 1, 1, 1, 1, 0, 0x00, 0xffff7ffa, 0xffffffff, 0, 0x00000000, 1, 0x00004002, 0, 0x00000000, 0x00000000, 0x00000000, 0x00000000, 1, 0xffffffff, 0x00000000, 0x00000000, 0x00000000
177, 17, 0x0d, "wait 1 pin 0x01 side 0x07", 1, 1, 1, 1, 1, 0, 0x00, 0xffff7ffa, 0xffffffff, 0, 0x00000000, 1, 0x00004002, 0, 0x00000000, 0x00000000, 0x00000000, 0x00000000, 1, 0xffffffff, 0x00000000, 0x00000000, 0x00000000
178, 17, 0x0d, "wait 1 pin 0x01 side 0x07", 1, 1, 1, 1, 1, 0, 0x00, 0xffff7ffa, 0xffffffff, 0, 0x00000000, 1, 0x00004002, 0, 0x00000000, 0x00000000, 0x00000000, 0x00000000, 1, 0xffffffff, 0x00000000, 0x00000000, 0x00000000
179, 17, 0x0d, "wait 1 pin 0x01 side 0x07", 1, 1, 1, 1, 1, 0, 0x00, 0xffff7ffa, 0xffffffff, 0, 0x00000000, 1, 0x00004002, 0, 0x00000000, 0x00000000, 0x00000000, 0x00000000, 1, 0xffffffff, 0x00000000, 0x00000000, 0x00000000
180, 17, 0x0d, "wait 1 pin 0x01 side 0x07", 1, 1, 1, 1, 1, 0, 0x00, 0xffff7ffa, 0xffffffff, 0, 0x00000000, 1, 0x00004002, 0, 0x00000000, 0x00000000, 0x00000000, 0x00000000, 1, 0xffffffff, 0x00000000, 0x00000000, 0x00000000
181, 17, 0x0d, "wait 1 pin 0x01 side 0x07", 1, 1, 1, 1, 1, 0, 0x00, 0xffff7ffa, 0xffffffff, 0, 0x00000000, 1, 0x00004002, 0, 0x00000000, 0x00000000, 0x00000000, 0x00000000, 1, 0xffffffff, 0x00000000, 0x00000000, 0x00000000
182, 17, 0x0d, "wait 1 pin 0x01 side 0x07", 1, 1, 1, 1, 1, 0, 0x00, 0xffff7ffa, 0xffffffff, 0, 0x00000000, 1, 0x00004002, 0, 0x00000000, 0x00000000, 0x00000000, 0x00000000, 1, 0xffffffff, 0x00000000, 0x00000000, 0x00000000
183, 17, 0x0d, "wait 1 pin 0x01 side 0x07", 1, 1, 1, 1, 1, 0, 0x00, 0xffff7ffa, 0xffffffff, 0, 0x00000000, 1, 0x00004002, 0, 0x00000000, 0x00000000, 0x00000000, 0x00000000, 1, 0xffffffff, 0x00000000, 0x00000000, 0x00000000
184, 17, 0x0d, "wait 1 pin 0x01 side 0x07", 1, 1, 1, 1, 1, 0, 0x00, 0xffff7ffa, 0xffffffff, 0, 0x00000000, 1, 0x00004002, 0, 0x00000000, 0x00000000, 0x00000000, 0x00000000, 1, 0xffffffff, 0x00000000, 0x00000000, 0x00000000
185, 17, 0x0d, "wait 1 pin 0x01 side 0x07", 1, 1, 1, 1, 1, 0, 0x00, 0xffff7ffa, 0xffffffff, 0, 0x00000000, 1, 0x00004002, 0, 0x00000000, 0x00000000, 0x00000000, 0x00000000, 1, 0xffffffff, 0x00000000, 0x00000000, 0x00000000
186, 17, 0x0d, "wait 1 pin 0x01 side 0x07", 1, 1, 1, 1, 1, 0, 0x00, 0xffff7ffa, 0xffffffff, 0, 0x00000000, 1, 0x00004002, 0, 0x00000000, 0x00000000, 0x00000000, 0x00000000, 1, 0xffffffff, 0x00000000, 0x00000000, 0x00000000
187, 17, 0x0d, "wait 1 pin 0x01 side 0x07", 1, 1, 1, 1, 1, 0, 0x00, 0xffff7ffa, 0xffffffff, 0, 0x00000000, 1, 0x00004002, 0, 0x00000000, 0x00000000, 0x00000000, 0x00000000, 1, 0xffffffff, 0x00000000, 0x00000000, 0x00000000
188, 17, 0x0d, "wait 1 pin 0x01 side 0x07", 1, 1, 1, 1, 1, 0, 0x00, 0xffff7ffa, 0xffffffff, 0, 0x00000000, 1, 0x00004002, 0, 0x00000000, 0x00000000, 0x00000000, 0x00000000, 1, 0xffffffff, 0x00000000, 0x00000000, 0x00000000
189, 17, 0x0d, "wait 1 pin 0x01 side 0x07", 1, 1, 1, 1, 1, 0, 0x00, 0xffff7ffa, 0xffffffff, 0, 0x00000000, 1, 0x00004002, 0, 0x00000000, 0x00000000, 0x00000000, 0x00000000, 1, 0xffffffff, 0x00000000, 0x00000000, 0x00000000
190, 17, 0x0d, "wait 1 pin 0x01 side 0x07", 1, 1, 1, 1, 0, 0, 0x00, 0xffff7ffa, 0xffffffff, 0, 0x00000000, 1, 0x00004002, 0, 0x00000000, 0x00000000, 0x00000000, 0x00000000, 1, 0xffffffff, 0x00000000, 0x00000000, 0x00000000
191, 17, 0x0d, "wait 1 pin 0x01 side 0x07", 1, 1, 1, 1, 0, 0, 0x00, 0xffff7ffa, 0xffffffff, 0, 0x00000000, 1, 0x00004002, 0, 0x00000000, 0x00000000, 0x00000000, 0x00000000, 1, 0xffffffff, 0x00000000, 0x00000000, 0x00000000
192, 17, 0x0d, "wait 1 pin 0x01 side 0x07", 1, 1, 1, 1, 0, 0, 0x00, 0xffff7ffa, 0xffffffff, 0, 0x00000000, 1, 0x00004002, 0, 0x00000000, 0x00000000, 0x00000000, 0x00000000, 0, 0x00000000, 0x00000000, 0x00000000, 0x00000000
193, 17, 0x0d, "wait 1 pin 0x01 side 0x07", 1, 1, 1, 1, 0, 0, 0x00, 0xffff7ffa, 0xffffffff, 0, 0x00000000, 1, 0x00004002, 0, 0x00000000, 0x00000000, 0x00000000, 0x00000000, 0, 0x00000000, 0x00000000, 0x00000000, 0x00000000
194, 17, 0x0d, "wait 1 pin 0x01 side 0x07", 1, 1, 1, 1, 0, 0, 0x00, 0xffff7ffa, 0xffffffff, 0, 0x00000000, 1, 0x00004002, 0, 0x00000000, 0x00000000, 0x00000000, 0x00000000, 0, 0x00000000, 0x00000000, 0x00000000, 0x00000000
195, 17, 0x0d, "wait 1 pin 0x01 side 0x07", 1, 1, 1, 1, 0, 0, 0x00, 0xffff7ffa, 0xffffffff, 0, 0x00000000, 1, 0x00004002, 0, 0x00000000, 0x00000000, 0x00000000, 0x00000000, 0, 0x00000000, 0x00000000, 0x00000000, 0x00000000
196, 17, 0x0d, "wait 1 pin 0x01 side 0x07", 1, 1, 1, 1, 0, 0, 0x00, 0xffff7ffa, 0xffffffff, 0, 0x00000000, 1, 0x00004002, 0, 0x00000000, 0x00000000, 0x00000000, 0x00000000, 0, 0x00000000, 0x00000000, 0x00000000, 0x00000000
197, 17, 0x0d, "wait 1 pin 0x01 side 0x07", 1, 1, 1, 1, 0, 0, 0x00, 0xffff7ffa, 0xffffffff, 0, 0x00000000, 1, 0x00004002, 0, 0x00000000, 0x00000000, 0x00000000, 0x00000000, 0, 0x00000000, 0x00000000, 0x00000000, 0x00000000
198, 17, 0x0d, "wait 1 pin 0x01 side 0x07", 1, 1, 1, 1, 0, 0, 0x00, 0xffff7ffa, 0xffffffff, 0, 0x00000000, 1, 0x00004002, 0, 0x00000000, 0x00000000, 0x00000000, 0x00000000, 0, 0x00000000, 0x00000000, 0x00000000, 0x00000000
199, 17, 0x0d, "wait 1 pin 0x01 side 0x07", 1, 1, 1, 1, 0, 0, 0x00, 0xffff7ffa, 0xffffffff, 0, 0x00000000, 1, 0x00004002, 0, 0x00000000, 0x00000000, 0x00000000, 0x00000000, 0, 0x00000000, 0x00000000, 0x00000000, 0x00000000
200, 17, 0x0d, "wait 1 pin 0x01 side 0x07", 1, 1, 1, 1, 0, 0, 0x00, 0xffff7ffa, 0xffffffff, 0, 0x00000000, 1, 0x00004002, 0, 0x00000000, 0x00000000, 0x00000000, 0x00000000, 0, 0x00000000, 0x00000000, 0x00000000, 0x00000000
